,identifiant,Prénom,Nom,Région,Département,Numéro de circonscription,Profession,Groupe politique (complet),Groupe politique (abrégé)
0,642868,Paul,Christophe,Hauts-de-France,Nord,14,Fonctionnaire de catégorie A,Horizons et apparentés,HOR
1,719146,Jean-Félix,Acquaviva,Corse,Haute-Corse,2,Cadre,"Libertés, Indépendants, Outre-mer et Territoires",LIOT
2,795692,William,Martinet,Ile-de-France,Yvelines,11,Cadre administratif,La France insoumise - Nouvelle Union Populaire écologique et sociale,LFI - NUPES
3,795050,Astrid,Panosyan-Bouvet,Ile-de-France,Paris,4,Cadre administratif et commercial d'entreprise,Renaissance,RE
4,719412,Sandrine,Le Feur,Bretagne,Finistère,4,Agriculteur-propriétaire exploitant,Renaissance,RE
5,720414,Patrice,Perrot,Bourgogne-Franche-Comté,Nièvre,2,Industriel-Chef d'entreprise,Renaissance,RE
6,721960,Danièle,Obono,Ile-de-France,Paris,17,Bibliothécaire,La France insoumise - Nouvelle Union Populaire écologique et sociale,LFI - NUPES
7,794938,Idir,Boumertit,Auvergne-Rhône-Alpes,Rhône,14,Employé administratif d'entreprise,La France insoumise - Nouvelle Union Populaire écologique et sociale,LFI - NUPES
8,795950,David,Amiel,Ile-de-France,Paris,13,Sans profession déclarée,Renaissance,RE
9,720764,Florence,Lasserre,Nouvelle-Aquitaine,Pyrénées-Atlantiques,5,Employée du secteur privé,Démocrate (MoDem et Indépendants),Dem
10,793608,Katiana,Levavasseur,Normandie,Eure,2,Ouvrier de type industriel,Rassemblement National,RN
11,793190,Laurence,Heydel Grillere,Auvergne-Rhône-Alpes,Ardèche,2,Ingénieur agronome,Renaissance,RE
12,795828,Johnny,Hajjar,Martinique,Martinique,3,Professeur du second degré,Socialistes et apparentés (membre de lintergroupe NUPES),SOC
13,793548,Caroline,Colombier,Nouvelle-Aquitaine,Charente,3,Avocate / Ancien cadre ,Rassemblement National,RN
14,720976,Max,Mathiasin,Guadeloupe,Guadeloupe,3,Fonction publique territoriale,"Libertés, Indépendants, Outre-mer et Territoires",LIOT
15,793872,Nathalie,Oziol,Occitanie,Hérault,2,"Professeur, profession scientifique",La France insoumise - Nouvelle Union Populaire écologique et sociale,LFI - NUPES
16,720822,Bruno,Bilde,Hauts-de-France,Pas-de-Calais,12,Juriste,Rassemblement National,RN
17,718926,Pierre,Dharréville,Provence-Alpes-Côte d'Azur,Bouches-du-Rhône,13,Employé (secteur privé),Gauche démocrate et républicaine - NUPES,GDR - NUPES
18,722102,Annie,Vidal,Normandie,Seine-Maritime,2,Retraitée de la fonction publique hospitalière,Renaissance,RE
19,722292,Thomas,Rudigoz,Auvergne-Rhône-Alpes,Rhône,1,Sans profession déclarée,Renaissance,RE
20,720362,Belkhir,Belhaddad,Grand Est,Moselle,1,Industriel-Chef d'entreprise,Renaissance,RE
21,793672,Christine,Loir,Normandie,Eure,1,Profession intermédiaire de la santé et du travail social,Rassemblement National,RN
22,718884,Valérie,Bazin-Malgras,Grand Est,Aube,2,Commerçante,Les Républicains,LR
23,609590,Valérie,Rabault,Occitanie,Tarn-et-Garonne,1,Ingénieure,Socialistes et apparentés (membre de lintergroupe NUPES),SOC
24,608416,Patrick,Hetzel,Grand Est,Bas-Rhin,7,Professeur des Universités,Les Républicains,LR
25,605694,Olivier,Falorni,Nouvelle-Aquitaine,Charente-Maritime,1,Professeur du secondaire,Démocrate (MoDem et Indépendants),Dem
26,794530,Matthieu,Marchio,Hauts-de-France,Nord,16,Cadre administratif et commercial d'entreprise,Rassemblement National,RN
27,794114,Emmanuel,Mandon,Auvergne-Rhône-Alpes,Loire,3,Conseiller d'insertion professionnelle,Démocrate (MoDem et Indépendants),Dem
28,643192,Chantal,Jourdan,Normandie,Orne,1,Psychologue,Socialistes et apparentés (membre de lintergroupe NUPES),SOC
29,793500,Benoît,Bordat,Bourgogne-Franche-Comté,Côte-d'Or,2,Conseiller foncier agricole,Renaissance,RE
30,721678,Robin,Reda,Ile-de-France,Essonne,7,,Renaissance,RE
31,720370,Ludovic,Mendes,Grand Est,Moselle,2,Cadre supérieur (secteur privé),Renaissance,RE
32,791812,Sophia,Chikirou,Ile-de-France,Paris,6,Chef d'entreprise de 10 salariés ou plus,La France insoumise - Nouvelle Union Populaire écologique et sociale,LFI - NUPES
33,720430,Ugo,Bernalicis,Hauts-de-France,Nord,2,Fonctionnaire de catégorie A,La France insoumise - Nouvelle Union Populaire écologique et sociale,LFI - NUPES
34,722054,Nadia,Hai,Ile-de-France,Yvelines,7,Conseil en gestion de patrimoine,Renaissance,RE
35,720022,Michel,Lauzzana,Nouvelle-Aquitaine,Lot-et-Garonne,1,Médecin,Renaissance,RE
36,793314,Alexandra,Masson,Provence-Alpes-Côte d'Azur,Alpes-Maritimes,4,Profession libérale,Rassemblement National,RN
37,795966,Stéphane,Rambaud,Provence-Alpes-Côte d'Azur,Var,3,Retraité de la police nationale,Rassemblement National,RN
38,795508,Émilie,Chandler,Ile-de-France,Val-d'Oise,1,Profession libérale,Renaissance,RE
39,793416,Freddy,Sertin,Normandie,Calvados,6,Directeur Général d'un établissement de santé,Renaissance,RE
40,794870,Sylvie,Ferrer,Occitanie,Hautes-Pyrénées,1,,La France insoumise - Nouvelle Union Populaire écologique et sociale,LFI - NUPES
41,793624,Philippe,Brun,Normandie,Eure,4,Magistrat administratif,Socialistes et apparentés (membre de lintergroupe NUPES),SOC
42,608016,Véronique,Louwagie,Normandie,Orne,2,Expert-comptable,Les Républicains,LR
43,643134,Isabelle,Valentin,Auvergne-Rhône-Alpes,Haute-Loire,1,Salariée agricole,Les Républicains,LR
44,718710,Pascale,Boyer,Provence-Alpes-Côte d'Azur,Hautes-Alpes,1,"Contremaître, agent de maîtrise",Renaissance,RE
45,722142,François,Ruffin,Hauts-de-France,Somme,1,Reporter,La France insoumise - Nouvelle Union Populaire écologique et sociale,LFI - NUPES
46,794458,Martine,Etienne,Grand Est,Meurthe-et-Moselle,3,Ancien employé,La France insoumise - Nouvelle Union Populaire écologique et sociale,LFI - NUPES
47,795318,Louis,Boyard,Ile-de-France,Val-de-Marne,3,"Elève, étudiant",La France insoumise - Nouvelle Union Populaire écologique et sociale,LFI - NUPES
48,608172,Christine,Pires Beaune,Auvergne-Rhône-Alpes,Puy-de-Dôme,2,Fonctionnaire de catégorie A,Socialistes et apparentés (membre de lintergroupe NUPES),SOC
49,793452,Hendrik,Davi,Provence-Alpes-Côte d'Azur,Bouches-du-Rhône,5,"Professeur, profession scientifique",La France insoumise - Nouvelle Union Populaire écologique et sociale,LFI - NUPES
50,795636,Benjamin,Lucas,Ile-de-France,Yvelines,8,,Écologiste - NUPES,Ecolo - NUPES
51,719006,Fabrice,Le Vigoureux,Normandie,Calvados,1,Professeur des Universités,Renaissance,RE
52,721852,Marie,Lebec,Ile-de-France,Yvelines,4,Consultante en affaires publiques,Renaissance,RE
53,720230,Lise,Magnier,Grand Est,Marne,4,cadre territorial,Horizons et apparentés,HOR
54,793238,Christophe,Barthès,Occitanie,Aude,1,Agriculteur sur moyenne exploitation,Rassemblement National,RN
55,774954,Anne-Laure,Blin,Pays de la Loire,Maine-et-Loire,3,Juriste,Les Républicains,LR
56,793174,Yannick,Monnet,Auvergne-Rhône-Alpes,Allier,1,Cadre de la fonction publique,Gauche démocrate et républicaine - NUPES,GDR - NUPES
57,267766,Guy,Bricout,Hauts-de-France,Nord,18,Retraité fonction publique (hors enseignement),"Libertés, Indépendants, Outre-mer et Territoires",LIOT
58,721296,Guillaume,Gouffier Valente,Ile-de-France,Val-de-Marne,6,Manager public,Renaissance,RE
59,794118,Antoine,Vermorel-Marques,Auvergne-Rhône-Alpes,Loire,5,Conseiller parlementaire,Les Républicains,LR
60,793508,Hubert,Brigand,Bourgogne-Franche-Comté,Côte-d'Or,4,Ancienne profession intermédiaire,Les Républicains,LR
61,721880,Marie,Guévenoux,Ile-de-France,Essonne,9,Collaborateur politique,Renaissance,RE
62,720446,Brigitte,Liso,Hauts-de-France,Nord,4,Commerçant,Renaissance,RE
63,794066,Frédéric,Mathieu,Bretagne,Ille-et-Vilaine,1,Cadre de la fonction publique,La France insoumise - Nouvelle Union Populaire écologique et sociale,LFI - NUPES
64,642847,Thibault,Bazin,Grand Est,Meurthe-et-Moselle,4,Autre cadre (secteur privé),Les Républicains,LR
65,795192,Steve,Chailloux,Polynésie française,Polynésie Française,2,"Professeur, profession scientifique",Gauche démocrate et républicaine - NUPES,GDR - NUPES
66,793948,Nicolas,Thierry,Nouvelle-Aquitaine,Gironde,2,Consultant en développement durable,Écologiste - NUPES,Ecolo - NUPES
67,712014,Vincent,Ledoux,Hauts-de-France,Nord,10,Professeur,Renaissance,RE
68,793330,Bryan,Masson,Provence-Alpes-Côte d'Azur,Alpes-Maritimes,6,Profession intermédiaire administrative de la fonction publique,Rassemblement National,RN
69,609332,Olivier,Faure,Ile-de-France,Seine-et-Marne,11,Cadre supérieur (secteur privé),Socialistes et apparentés (membre de lintergroupe NUPES),SOC
70,720138,Laetitia,Saint-Paul,Pays de la Loire,Maine-et-Loire,4,Officier de l'armée de Terre,Renaissance,RE
71,795046,Caroline,Yadan,Ile-de-France,Paris,3,avocat,Renaissance,RE
72,721004,Amélia,Lakrafi,Français établis hors de France,Français établis hors de France,10,Chef d'entreprise,Renaissance,RE
73,719512,Corinne,Vignon,Occitanie,Haute-Garonne,3,Cadre supérieur (secteur privé),Renaissance,RE
74,330240,Éric,Ciotti,Provence-Alpes-Côte d'Azur,Alpes-Maritimes,1,,Les Républicains,LR
75,795330,Eléonore,Caroit,Français établis hors de France,Français établis hors de France,2,Profession libérale,Renaissance,RE
76,794702,Delphine,Lingemann,Auvergne-Rhône-Alpes,Puy-de-Dôme,4,Chef d'entreprise - Enseignante associée université,Démocrate (MoDem et Indépendants),Dem
77,342384,Élisa,Martin,Auvergne-Rhône-Alpes,Isère,3,"Professeur, profession scientifique",La France insoumise - Nouvelle Union Populaire écologique et sociale,LFI - NUPES
78,721816,Ian,Boucard,Bourgogne-Franche-Comté,Territoire de Belfort,1,Autre cadre (secteur privé),Les Républicains,LR
79,721410,Émilie,Bonnivard,Auvergne-Rhône-Alpes,Savoie,3,Cadre à la Caisse des Dépôts et Consignations,Les Républicains,LR
80,793254,Julien,Rancoule,Occitanie,Aude,3,Profession libérale,Rassemblement National,RN
81,793816,Mélanie,Thomin,Bretagne,Finistère,6,"Professeur, profession scientifique",Socialistes et apparentés (membre de lintergroupe NUPES),SOC
82,796034,Frank,Giletti,Provence-Alpes-Côte d'Azur,Var,6,Fonctionnaire,Rassemblement National,RN
83,721170,Stéphane,Vojetta,Français établis hors de France,Français établis hors de France,5,Entrepreneur,Renaissance,RE
84,794130,Andy,Kerbrat,Pays de la Loire,Loire-Atlantique,2,Chargé d'assitance automobile,La France insoumise - Nouvelle Union Populaire écologique et sociale,LFI - NUPES
85,794954,Emeric,Salmon,Bourgogne-Franche-Comté,Haute-Saône,2,Cadre administratif et commercial d'entreprise,Rassemblement National,RN
86,342196,Claudia,Rouaux,Bretagne,Ille-et-Vilaine,3,Gestionnaire à l'INRAE,Socialistes et apparentés (membre de lintergroupe NUPES),SOC
87,794194,Mathilde,Desjonquères,Centre-Val de Loire,Loir-et-Cher,1,"Directrice Culture, Patrimoine et Sport",Démocrate (MoDem et Indépendants),Dem
88,795844,Karen,Erodi,Occitanie,Tarn,2,Profession libérale,La France insoumise - Nouvelle Union Populaire écologique et sociale,LFI - NUPES
89,774958,Gérard,Leseul,Normandie,Seine-Maritime,5,Cadre d'entreprise / enseignant universitaire,Socialistes et apparentés (membre de lintergroupe NUPES),SOC
90,1008,Alain,David,Nouvelle-Aquitaine,Gironde,4,Ingénieur,Socialistes et apparentés (membre de lintergroupe NUPES),SOC
91,794004,Servane,Hugues,Auvergne-Rhône-Alpes,Isère,1,Professeur des écoles,Renaissance,RE
92,793884,Sébastien,Rome,Occitanie,Hérault,4,"Professeur des écoles, instituteur et assimilé",La France insoumise - Nouvelle Union Populaire écologique et sociale,LFI - NUPES
93,796110,Joris,Hébrard,Provence-Alpes-Côte d'Azur,Vaucluse,1,Profession libérale,Rassemblement National,RN
94,719930,Boris,Vallaud,Nouvelle-Aquitaine,Landes,3,Fonctionnaire de catégorie A,Socialistes et apparentés (membre de lintergroupe NUPES),SOC
95,795010,Marie-Charlotte,Garin,Auvergne-Rhône-Alpes,Rhône,3,Collaboratrice politique en collectivité locale,Écologiste - NUPES,Ecolo - NUPES
96,719528,Jean-François,Portarrieu,Occitanie,Haute-Garonne,5,Journaliste,Horizons et apparentés,HOR
97,793122,Romain,Daubié,Auvergne-Rhône-Alpes,Ain,2,Avocat,Démocrate (MoDem et Indépendants),Dem
98,721522,Xavier,Batut,Normandie,Seine-Maritime,10,Autre cadre (secteur privé),Renaissance,RE
99,793688,Pascale,Martin,Nouvelle-Aquitaine,Dordogne,1,Ancien cadre,La France insoumise - Nouvelle Union Populaire écologique et sociale,LFI - NUPES
100,795908,Yannick,Chenevard,Provence-Alpes-Côte d'Azur,Var,1,Profession libérale,Renaissance,RE
101,795270,Marie-Agnès,Poussier-Winsback,Normandie,Seine-Maritime,9,Enseignante,Horizons et apparentés,HOR
102,794022,Jérémie,Iordanoff,Auvergne-Rhône-Alpes,Isère,5,Artiste-peintre,Écologiste - NUPES,Ecolo - NUPES
103,722336,Vincent,Thiébaut,Grand Est,Bas-Rhin,9,Autre cadre (secteur privé),Horizons et apparentés,HOR
104,719100,Jean-Philippe,Ardouin,Nouvelle-Aquitaine,Charente-Maritime,3,Chef d'entreprise,Renaissance,RE
105,721426,Véronique,Riotton,Auvergne-Rhône-Alpes,Haute-Savoie,1,Consultante-Coach en Ressources Humaines,Renaissance,RE
106,720386,Fabien,Di Filippo,Grand Est,Moselle,4,Ancien cadre du secteur privé,Les Républicains,LR
107,610002,Eva,Sas,Ile-de-France,Paris,8,Cadre supérieur du secteur privé,Écologiste - NUPES,Ecolo - NUPES
108,719558,Erwan,Balanant,Bretagne,Finistère,8,Photographe et réalisateur,Démocrate (MoDem et Indépendants),Dem
109,796050,Philippe,Schreck,Provence-Alpes-Côte d'Azur,Var,8,Profession libérale ,Rassemblement National,RN
110,722390,Josiane,Corneloup,Bourgogne-Franche-Comté,Saône-et-Loire,2,Pharmacien,Les Républicains,LR
111,795982,Aurélien,Saintoul,Ile-de-France,Hauts-de-Seine,11,Cadre de la fonction publique,La France insoumise - Nouvelle Union Populaire écologique et sociale,LFI - NUPES
112,794886,Sophie,Blanc,Occitanie,Pyrénées-Orientales,1,Profession libérale,Rassemblement National,RN
113,719372,Guillaume,Kasbarian,Centre-Val de Loire,Eure-et-Loir,1,Cadre supérieur (secteur privé),Renaissance,RE
114,795934,Claire,Guichard,Ile-de-France,Hauts-de-Seine,10,Sans profession déclarée,Renaissance,RE
115,721750,Céline,Calvez,Ile-de-France,Hauts-de-Seine,5,Consultante communication,Renaissance,RE
116,721932,Marie-France,Lorho,Provence-Alpes-Côte d'Azur,Vaucluse,4,Déléguée médicale,Rassemblement National,RN
117,720668,Emmanuel,Blairy,Hauts-de-France,Pas-de-Calais,1,Fonctionnaire territorial,Rassemblement National,RN
118,346054,Emmanuel,Maquet,Hauts-de-France,Somme,3,Agent général d'assurances,Les Républicains,LR
119,794470,Félicie,Gérard,Hauts-de-France,Nord,7,"Contremaître, agent de maîtrise",Horizons et apparentés,HOR
120,719608,Emmanuelle,Ménard,Occitanie,Hérault,6,Journaliste et autre média,Non inscrit,NI
121,793464,Sébastien,Delogu,Provence-Alpes-Côte d'Azur,Bouches-du-Rhône,7,Sans profession,La France insoumise - Nouvelle Union Populaire écologique et sociale,LFI - NUPES
122,642988,Hervé,de Lépinau,Provence-Alpes-Côte d'Azur,Vaucluse,3,Avocat,Rassemblement National,RN
123,795652,Alexis,Izard,Ile-de-France,Essonne,3,Cadre administratif et commercial d'entreprise,Renaissance,RE
124,721442,Christelle,Petex-Levet,Auvergne-Rhône-Alpes,Haute-Savoie,3,Cadre administratif et commercial d'entreprise,Les Républicains,LR
125,793772,Christophe,Bex,Occitanie,Haute-Garonne,7,Cadre de la fonction publique,La France insoumise - Nouvelle Union Populaire écologique et sociale,LFI - NUPES
126,607193,Sophie,Errante,Pays de la Loire,Loire-Atlantique,10,Industriel-Chef d'entreprise,Renaissance,RE
127,719266,Jean-Pierre,Cubertafon,Nouvelle-Aquitaine,Dordogne,3,Retraité des professions libérales,Démocrate (MoDem et Indépendants),Dem
128,795920,Prisca,Thevenot,Ile-de-France,Hauts-de-Seine,8,collaboratrice parlementaire,Renaissance,RE
129,794830,Hubert,Ott,Grand Est,Haut-Rhin,2,"Professeur, profession scientifique",Démocrate (MoDem et Indépendants),Dem
130,793572,Christophe,Plassard,Nouvelle-Aquitaine,Charente-Maritime,5,Profession libérale,Horizons et apparentés,HOR
131,720692,Fabien,Roussel,Hauts-de-France,Nord,20,Attaché parlementaire,Gauche démocrate et républicaine - NUPES,GDR - NUPES
132,793520,Mickaël,Cosson,Bretagne,Côtes-d'Armor,1,Chargé d'opérations urbanisme,Démocrate (MoDem et Indépendants),Dem
133,643143,Christian,Baptiste,Guadeloupe,Guadeloupe,2,Directeur d'association,Socialistes et apparentés (membre de lintergroupe NUPES),SOC
134,794418,Florence,Goulet,Grand Est,Meuse,2,Cadre de la fonction publique,Rassemblement National,RN
135,795084,Rodrigo,Arenas,Ile-de-France,Paris,10,Cadre de la fonction publique,La France insoumise - Nouvelle Union Populaire écologique et sociale,LFI - NUPES
136,719436,Nicolas,Meizonnet,Occitanie,Gard,2,Ingénieur en informatique ,Rassemblement National,RN
137,334116,Jacqueline,Maquet,Hauts-de-France,Pas-de-Calais,2,Directrice de mission,Renaissance,RE
138,719024,Christophe,Blanchet,Normandie,Calvados,4,Commerçant,Démocrate (MoDem et Indépendants),Dem
139,608695,Cécile,Untermaier,Bourgogne-Franche-Comté,Saône-et-Loire,4,Fonctionnaire des grands corps de l'État,Socialistes et apparentés (membre de lintergroupe NUPES),SOC
140,720286,Caroline,Fiat,Grand Est,Meurthe-et-Moselle,6,Salariée du secteur médical,La France insoumise - Nouvelle Union Populaire écologique et sociale,LFI - NUPES
141,793342,Alexandra,Martin,Provence-Alpes-Côte d'Azur,Alpes-Maritimes,8,Employé civil et agent de service de la fonction publique,Les Républicains,LR
142,795990,Maud,Bregeon,Ile-de-France,Hauts-de-Seine,13,Ingénieur et cadre technique d'entreprise,Renaissance,RE
143,267324,Jean-Jacques,Gaultier,Grand Est,Vosges,4,Médecin biologiste,Les Républicains,LR
144,720154,Nicole,Dubré-Chirat,Pays de la Loire,Maine-et-Loire,6,Retraitée de la fonction publique hospitalière et chargée de formation,Renaissance,RE
145,721632,Patricia,Lemoine,Ile-de-France,Seine-et-Marne,5,Directrice de cabinet,Renaissance,RE
146,721336,Blandine,Brocard,Auvergne-Rhône-Alpes,Rhône,5,Employée (secteur privé),Démocrate (MoDem et Indépendants),Dem
147,719382,Luc,Lamirault,Centre-Val de Loire,Eure-et-Loir,3,chef d'entreprise,Horizons et apparentés,HOR
148,721828,Fanta,Berete,Ile-de-France,Paris,12,Directrice projets,Renaissance,RE
149,795864,Pierre,Cazeneuve,Ile-de-France,Hauts-de-Seine,7,Cadre de la fonction publique,Renaissance,RE
150,794770,Michèle,Martinez,Occitanie,Pyrénées-Orientales,4,Sans profession déclarée,Rassemblement National,RN
151,795786,Yaël,Menache,Hauts-de-France,Somme,5,Commerciale,Rassemblement National,RN
152,794486,Violette,Spillebout,Hauts-de-France,Nord,9,Cadre administratif et commercial d'entreprise,Renaissance,RE
153,720720,Josy,Poueyto,Nouvelle-Aquitaine,Pyrénées-Atlantiques,1,Retraitée de la fonction publique (hors enseignement),Démocrate (MoDem et Indépendants),Dem
154,793476,Francis,Dubois,Nouvelle-Aquitaine,Corrèze,1,Technicien,Les Républicains,LR
155,795664,Paul,Midy,Ile-de-France,Essonne,5,Chef d'entreprise de 10 salariés ou plus,Renaissance,RE
156,794582,Kévin,Pfeffer,Grand Est,Moselle,6,Permanent politique,Rassemblement National,RN
157,795588,Farida,Amrani,Ile-de-France,Essonne,1,Cadre de la fonction publique,La France insoumise - Nouvelle Union Populaire écologique et sociale,LFI - NUPES
158,720074,Caroline,Janvier,Centre-Val de Loire,Loiret,2,Autre cadre (secteur privé),Renaissance,RE
159,793716,Laurent,Croizier,Bourgogne-Franche-Comté,Doubs,1,"Professeur des écoles, instituteur et assimilé",Démocrate (MoDem et Indépendants),Dem
160,793262,Laurent,Alexandre,Occitanie,Aveyron,2,Ouvrier qualifié de type industriel,La France insoumise - Nouvelle Union Populaire écologique et sociale,LFI - NUPES
161,721710,Michèle,Peyron,Ile-de-France,Seine-et-Marne,9,Autre cadre (secteur privé),Renaissance,RE
162,721314,Raphaël,Schellenberger,Grand Est,Haut-Rhin,4,Attaché Parlementaire,Les Républicains,LR
163,783457,Victor,Habert-Dassault,Hauts-de-France,Oise,1,Avocat,Les Républicains,LR
164,794146,Julie,Laernoes,Pays de la Loire,Loire-Atlantique,4,Ancien cadre,Écologiste - NUPES,Ecolo - NUPES
165,1874,Marc,Le Fur,Bretagne,Côtes-d'Armor,3,Sous-préfet,Les Républicains,LR
166,795730,Bastien,Marchive,Nouvelle-Aquitaine,Deux-Sèvres,1,Juriste,Renaissance,RE
167,794434,Christophe,Bentz,Grand Est,Haute-Marne,1,"Professeur, profession scientifique",Rassemblement National,RN
168,794658,Philippe,Fait,Hauts-de-France,Pas-de-Calais,4,"Professeur des écoles, instituteur et assimilé",Renaissance,RE
169,720334,Jimmy,Pahun,Bretagne,Morbihan,2,Navigateur,Démocrate (MoDem et Indépendants),Dem
170,719600,Éric,Poulliat,Nouvelle-Aquitaine,Gironde,6,Fonctionnaire de catégorie B,Renaissance,RE
171,795068,Clara,Chassaniol,Ile-de-France,Paris,7,Collaboratrice parlementaire,Renaissance,RE
172,340343,Hervé,Saulignac,Auvergne-Rhône-Alpes,Ardèche,1,Cadre (entreprises publiques),Socialistes et apparentés (membre de lintergroupe NUPES),SOC
173,421348,André,Villiers,Bourgogne-Franche-Comté,Yonne,2,Agriculteur-propriétaire exploitant,Horizons et apparentés,HOR
174,266797,Philippe,Gosselin,Normandie,Manche,1,Maître de conférences à Sciences Po,Les Républicains,LR
175,794914,Alexandre,Vincendet,Auvergne-Rhône-Alpes,Rhône,7,Elu local,Les Républicains,LR
176,718850,Pierre,Cordier,Grand Est,Ardennes,2,Fonctionnaire de catégorie A,Les Républicains,LR
177,794198,Roger,Chudeau,Centre-Val de Loire,Loir-et-Cher,2,Inspecteur général de l'éducation nationale honoraire ,Rassemblement National,RN
178,793134,Jérôme,Buisson,Auvergne-Rhône-Alpes,Ain,4,Professeur d'italien,Rassemblement National,RN
179,346782,Philippe,Juvin,Ile-de-France,Hauts-de-Seine,3,Professeur de médecine,Les Républicains,LR
180,795350,Frédéric,Valletoux,Ile-de-France,Seine-et-Marne,2,Profession de l'information,Horizons et apparentés,HOR
181,332228,Thierry,Benoit,Bretagne,Ille-et-Vilaine,6,Représentant de commerce,Horizons et apparentés,HOR
182,720684,Pierre-Henri,Dumont,Hauts-de-France,Pas-de-Calais,7,Collaborateur parlementaire,Les Républicains,LR
183,605782,Laurent,Marcangeli,Corse,Corse-du-Sud,1,Avocat,Horizons et apparentés,HOR
184,794598,Laurent,Jacobelli,Grand Est,Moselle,8,"Profession de l'information, des arts et des spectacles",Rassemblement National,RN
185,794038,Yannick,Neuder,Auvergne-Rhône-Alpes,Isère,7,Cardiologue,Les Républicains,LR
186,795604,Estelle,Folest,Ile-de-France,Val-d'Oise,6,Directrice de la communication,Démocrate (MoDem et Indépendants),Dem
187,794322,Thomas,Ménagé,Centre-Val de Loire,Loiret,4,Cadre administratif et commercial d'entreprise,Rassemblement National,RN
188,720846,Bastien,Lachaud,Ile-de-France,Seine-Saint-Denis,6,Professeur du secondaire et technique,La France insoumise - Nouvelle Union Populaire écologique et sociale,LFI - NUPES
189,793278,Sabrina,Agresti-Roubache,Provence-Alpes-Côte d'Azur,Bouches-du-Rhône,1,Profession libérale,Renaissance,RE
190,721474,Stéphane,Viry,Grand Est,Vosges,1,Avocat,Les Républicains,LR
191,721270,Stéphane,Peu,Ile-de-France,Seine-Saint-Denis,2,Employé,Gauche démocrate et républicaine - NUPES,GDR - NUPES
192,722162,Nicolas,Turquois,Nouvelle-Aquitaine,Vienne,4,Agriculteur-propriétaire exploitant,Démocrate (MoDem et Indépendants),Dem
193,794154,Jean-Claude,Raux,Pays de la Loire,Loire-Atlantique,6,"Professeur, profession scientifique",Écologiste - NUPES,Ecolo - NUPES
194,805166,Anne,Bergantz,Ile-de-France,Yvelines,2,Responsable de service social hospitalier,Démocrate (MoDem et Indépendants),Dem
195,309643,Véronique,Besse,Pays de la Loire,Vendée,4,Journaliste,Non inscrit,NI
196,607619,Paul,Molac,Bretagne,Morbihan,4,Professeur du secondaire,"Libertés, Indépendants, Outre-mer et Territoires",LIOT
197,721984,Philippe,Latombe,Pays de la Loire,Vendée,1,Cadre supérieur (secteur privé),Démocrate (MoDem et Indépendants),Dem
198,793980,Charles,Fournier,Centre-Val de Loire,Indre-et-Loire,1,consultant - formateur,Écologiste - NUPES,Ecolo - NUPES
199,793354,Joëlle,Mélin,Provence-Alpes-Côte d'Azur,Bouches-du-Rhône,9,Médecin expert judiciaire,Rassemblement National,RN
200,721262,Guillaume,Vuilletet,Ile-de-France,Val-d'Oise,2,Cadre supérieur (secteur privé),Renaissance,RE
201,793912,Sylvain,Carrière,Occitanie,Hérault,8,Employé de commerce,La France insoumise - Nouvelle Union Populaire écologique et sociale,LFI - NUPES
202,796132,Raquel,Garrido,Ile-de-France,Seine-Saint-Denis,5,Avocate,La France insoumise - Nouvelle Union Populaire écologique et sociale,LFI - NUPES
203,794214,Quentin,Bataillon,Auvergne-Rhône-Alpes,Loire,1,Cadre administratif et commercial d'entreprise,Renaissance,RE
204,795026,Anne-Cécile,Violland,Auvergne-Rhône-Alpes,Haute-Savoie,5,Profession libérale,Horizons et apparentés,HOR
205,793780,Christine,Arrighi,Occitanie,Haute-Garonne,9,Ancien cadre,Écologiste - NUPES,Ecolo - NUPES
206,793146,Nicolas,Dragon,Hauts-de-France,Aisne,1,Profession libérale,Rassemblement National,RN
207,795362,Lisa,Belluco,Nouvelle-Aquitaine,Vienne,1,Cadre de la fonction publique,Écologiste - NUPES,Ecolo - NUPES
208,794094,Mickaël,Bouloux,Bretagne,Ille-et-Vilaine,8,Ingénieur et cadre technique d'entreprise,Socialistes et apparentés (membre de lintergroupe NUPES),SOC
209,719874,Élodie,Jacquier-Laforge,Auvergne-Rhône-Alpes,Isère,9,Cadre supérieur (secteur privé),Démocrate (MoDem et Indépendants),Dem
210,605745,Nicolas,Sansu,Centre-Val de Loire,Cher,2,Permanent politique,Gauche démocrate et républicaine - NUPES,GDR - NUPES
211,795156,Fatiha,Keloua Hachi,Ile-de-France,Seine-Saint-Denis,8,"Professeur, profession scientifique",Socialistes et apparentés (membre de lintergroupe NUPES),SOC
212,606639,Patrick,Vignal,Occitanie,Hérault,9,Industriel-Chef d'entreprise,Renaissance,RE
213,335054,Marietta,Karamanli,Pays de la Loire,Sarthe,2,Professeur dans l'enseignement supérieur,Socialistes et apparentés (membre de lintergroupe NUPES),SOC
214,793852,Pierre,Meurin,Occitanie,Gard,4,Cadre administratif et commercial d'entreprise,Rassemblement National,RN
215,796070,Perceval,Gaillard,Réunion,Réunion,7,Profession intermédiaire de la santé et du travail social,La France insoumise - Nouvelle Union Populaire écologique et sociale,LFI - NUPES
216,795430,Stéphane,Delautrette,Nouvelle-Aquitaine,Haute-Vienne,2,Ingénieur dans le domaine de l'environnement,Socialistes et apparentés (membre de lintergroupe NUPES),SOC
217,794982,Julie,Delpech,Pays de la Loire,Sarthe,1,Chargée de communication,Renaissance,RE
218,793094,Nicolas,Ray,Auvergne-Rhône-Alpes,Allier,3,Inspecteur principal des Finances publiques,Les Républicains,LR
219,721062,Jean-Hugues,Ratenon,Réunion,Réunion,5,Employé (secteur privé),La France insoumise - Nouvelle Union Populaire écologique et sociale,LFI - NUPES
220,719388,Annaïg,Le Meur,Bretagne,Finistère,1,Autre profession libérale,Renaissance,RE
221,795868,Jean-Victor,Castor,Guyane,Guyane,1,Cadre technique d'entreprise,Gauche démocrate et républicaine - NUPES,GDR - NUPES
222,588884,Clémentine,Autain,Ile-de-France,Seine-Saint-Denis,11,Journaliste et autre média,La France insoumise - Nouvelle Union Populaire écologique et sociale,LFI - NUPES
223,793992,Henri,Alfandari,Centre-Val de Loire,Indre-et-Loire,3,"Ancien artisan, commerçant, chef d'entreprise",Horizons et apparentés,HOR
224,794786,Emmanuel,Fernandes,Grand Est,Bas-Rhin,2,Profession intermédiaire administrative et commerciale des entreprises,La France insoumise - Nouvelle Union Populaire écologique et sociale,LFI - NUPES
225,795100,Éric,Martineau,Pays de la Loire,Sarthe,3,Agriculteur sur moyenne exploitation,Démocrate (MoDem et Indépendants),Dem
226,794494,Roger,Vicot,Hauts-de-France,Nord,11,Intervenant en communication,Socialistes et apparentés (membre de lintergroupe NUPES),SOC
227,720952,Aurélien,Taché,Ile-de-France,Val-d'Oise,10,Fonctionnaire de catégorie A,Écologiste - NUPES,Ecolo - NUPES
228,717379,Sylvain,Maillard,Ile-de-France,Paris,1,Industriel-Chef d'entreprise,Renaissance,RE
229,719472,Jean-René,Cazeneuve,Occitanie,Gers,1,Ingénieur,Renaissance,RE
230,796010,Frédéric,Maillot,Réunion,Réunion,6,Intervenant social,Gauche démocrate et républicaine - NUPES,GDR - NUPES
231,793724,Michel,Sala,Occitanie,Gard,5,Ancien cadre du secteur bancaire,La France insoumise - Nouvelle Union Populaire écologique et sociale,LFI - NUPES
232,774962,Karine,Lebon,Réunion,Réunion,2,Professeure des écoles,Gauche démocrate et républicaine - NUPES,GDR - NUPES
233,719890,Danielle,Brulebois,Bourgogne-Franche-Comté,Jura,1,Retraitée de l'enseignement,Renaissance,RE
234,720728,Jean-Paul,Mattei,Nouvelle-Aquitaine,Pyrénées-Atlantiques,2,Notaire,Démocrate (MoDem et Indépendants),Dem
235,793592,Géraldine,Grangier,Bourgogne-Franche-Comté,Doubs,4,Profession intermédiaire administrative de la fonction publique,Rassemblement National,RN
236,721094,Philippe,Dunoyer,Nouvelle-Calédonie,Nouvelle-Calédonie,1,Fonctionnaire de catégorie A,Renaissance,RE
237,794570,Alexandre,Sabatou,Hauts-de-France,Oise,3,Chef de projets SI,Rassemblement National,RN
238,642695,Éric,Bothorel,Bretagne,Côtes-d'Armor,5,Cadre supérieur (secteur privé),Renaissance,RE
239,722134,Jean-Marie,Fiévet,Nouvelle-Aquitaine,Deux-Sèvres,3,Fonctionnaire de catégorie B,Renaissance,RE
240,333285,Guillaume,Garot,Pays de la Loire,Mayenne,1,Cadre administratif,Socialistes et apparentés (membre de lintergroupe NUPES),SOC
241,719632,Sophie,Panonacle,Nouvelle-Aquitaine,Gironde,8,Sans profession déclarée,Renaissance,RE
242,794670,Caroline,Parmentier,Hauts-de-France,Pas-de-Calais,9,Attachée de Presse,Rassemblement National,RN
243,266793,Jean-Yves,Bony,Auvergne-Rhône-Alpes,Cantal,2,Exploitant agricole,Les Républicains,LR
244,267901,Mansour,Kamardine,Mayotte,Mayotte,2,Avocat,Les Républicains,LR
245,794994,Alexandre,Portier,Auvergne-Rhône-Alpes,Rhône,9,"Professeur, profession scientifique",Les Républicains,LR
246,719488,Philippe,Berta,Occitanie,Gard,6,Professeur de faculté,Démocrate (MoDem et Indépendants),Dem
247,607395,Stéphane,Travert,Normandie,Manche,3,Cadre secteur privé,Renaissance,RE
248,722374,Cyrille,Isaac-Sibille,Auvergne-Rhône-Alpes,Rhône,12,Médecin,Démocrate (MoDem et Indépendants),Dem
249,793656,Lisette,Pollet,Auvergne-Rhône-Alpes,Drôme,2,Ouvrier qualifié de type industriel,Rassemblement National,RN
250,718860,Bénédicte,Taurine,Occitanie,Ariège,1,Professeur du secondaire et technique,La France insoumise - Nouvelle Union Populaire écologique et sociale,LFI - NUPES
251,795884,Marc,Ferracci,Français établis hors de France,Français établis hors de France,6,"Professeur, profession scientifique",Renaissance,RE
252,794798,Françoise,Buffet,Grand Est,Bas-Rhin,4,"Ancien artisan, commerçant, chef d'entreprise",Renaissance,RE
253,720992,Jiovanny,William,Martinique,Martinique,1,Profession libérale,Gauche démocrate et républicaine - NUPES,GDR - NUPES
254,794510,Christine,Decodts,Hauts-de-France,Nord,13,Ancien cadre,Renaissance,RE
255,720586,Pierre,Vatin,Hauts-de-France,Oise,5,Permanent politique,Les Républicains,LR
256,719138,Michel,Castellani,Corse,Haute-Corse,1,Professeur des Universités,"Libertés, Indépendants, Outre-mer et Territoires",LIOT
257,722046,Aurore,Bergé,Ile-de-France,Yvelines,10,Cadre supérieur (secteur privé),Renaissance,RE
258,720560,Perrine,Goulet,Bourgogne-Franche-Comté,Nièvre,1,Autre cadre (secteur privé),Démocrate (MoDem et Indépendants),Dem
259,795616,Carlos Martens,Bilongo,Ile-de-France,Val-d'Oise,8,"Professeur, profession scientifique",La France insoumise - Nouvelle Union Populaire écologique et sociale,LFI - NUPES
260,720092,Richard,Ramos,Centre-Val de Loire,Loiret,6,Autre cadre (secteur privé),Démocrate (MoDem et Indépendants),Dem
261,793290,Gisèle,Lelouis,Provence-Alpes-Côte d'Azur,Bouches-du-Rhône,3,Ancien employé ,Rassemblement National,RN
262,721486,Christophe,Naegelen,Grand Est,Vosges,3,Industriel-Chef d'entreprise,"Libertés, Indépendants, Outre-mer et Territoires",LIOT
263,794854,Inaki,Echaniz,Nouvelle-Aquitaine,Pyrénées-Atlantiques,4,Cadre de la fonction publique,Socialistes et apparentés (membre de lintergroupe NUPES),SOC
264,719294,Mireille,Clapot,Auvergne-Rhône-Alpes,Drôme,1,Cadre supérieur (entreprises publiques),Renaissance,RE
265,795820,Marcellin,Nadeau,Martinique,Martinique,2,Cadre de la fonction publique,Gauche démocrate et républicaine - NUPES,GDR - NUPES
266,794166,Matthias,Tavel,Pays de la Loire,Loire-Atlantique,8,Cadre de la fonction publique,La France insoumise - Nouvelle Union Populaire écologique et sociale,LFI - NUPES
267,719080,Sandra,Marsaud,Nouvelle-Aquitaine,Charente,2,Cadre (entreprises publiques),Renaissance,RE
268,721896,Elsa,Faucillon,Ile-de-France,Hauts-de-Seine,1,Employée du secteur privé,Gauche démocrate et républicaine - NUPES,GDR - NUPES
269,267042,Yannick,Favennec-Bécot,Pays de la Loire,Mayenne,3,Directeur de cabinet,Horizons et apparentés,HOR
270,795298,Jérôme,Legavre,Ile-de-France,Seine-Saint-Denis,12,Professeur de lettres,La France insoumise - Nouvelle Union Populaire écologique et sociale,LFI - NUPES
271,720614,Marine,Le Pen,Hauts-de-France,Pas-de-Calais,11,Avocate,Rassemblement National,RN
272,793432,Franck,Allisio,Provence-Alpes-Côte d'Azur,Bouches-du-Rhône,12,Profession libérale,Rassemblement National,RN
273,720354,Jean-Michel,Jacques,Bretagne,Morbihan,6,Infirmier des forces spéciales,Renaissance,RE
274,718930,Anne-Laurence,Petel,Provence-Alpes-Côte d'Azur,Bouches-du-Rhône,14,Chargée des relations extérieures - secteur télécom,Renaissance,RE
275,720908,Naïma,Moutchou,Ile-de-France,Val-d'Oise,4,Avocat,Horizons et apparentés,HOR
276,794278,Xavier,Albertini,Grand Est,Marne,1,Profession libérale,Horizons et apparentés,HOR
277,719318,Emmanuelle,Anthoine,Auvergne-Rhône-Alpes,Drôme,4,Avocate,Les Républicains,LR
278,793218,Jordan,Guitton,Grand Est,Aube,1,Assistant Parlementaire,Rassemblement National,RN
279,794810,Louise,Morel,Grand Est,Bas-Rhin,6,Cadre administratif et commercial d'entreprise,Démocrate (MoDem et Indépendants),Dem
280,266788,Pierre,Morel-À-L'Huissier,Occitanie,Lozère,1,Avocat,"Libertés, Indépendants, Outre-mer et Territoires",LIOT
281,605069,Jean-Louis,Bricout,Hauts-de-France,Aisne,3,Cadre (secteur privé),"Libertés, Indépendants, Outre-mer et Territoires",LIOT
282,794522,Pierrick,Berteloot,Hauts-de-France,Nord,15,Assistant Maitre d'Équipage - Assistant Toutes Catégories,Rassemblement National,RN
283,795374,Pascal,Lecamp,Nouvelle-Aquitaine,Vienne,3,Cadre administratif et commercial d'entreprise,Démocrate (MoDem et Indépendants),Dem
284,794106,Andrée,Taurinya,Auvergne-Rhône-Alpes,Loire,2,"Professeur, profession scientifique ",La France insoumise - Nouvelle Union Populaire écologique et sociale,LFI - NUPES
285,720630,Maxime,Minot,Hauts-de-France,Oise,7,Employé (secteur privé),Les Républicains,LR
286,719154,Didier,Martin,Bourgogne-Franche-Comté,Côte-d'Or,1,Neuroradiologue,Renaissance,RE
287,1567,Jérôme,Guedj,Ile-de-France,Essonne,6,Inspecteur général des Affaires sociales,Socialistes et apparentés (membre de lintergroupe NUPES),SOC
288,720422,Adrien,Quatennens,Hauts-de-France,Nord,1,Employé (secteur privé),Non inscrit,NI
289,721916,Natalia,Pouzyreff,Ile-de-France,Yvelines,6,Ingénieure,Renaissance,RE
290,720014,Huguette,Tiegna,Occitanie,Lot,2,"Docteur, Ingénieur Recherche et Dévelopement",Renaissance,RE
291,793928,Edwige,Diaz,Nouvelle-Aquitaine,Gironde,11,Cadre administratif et commercial d'entreprise,Rassemblement National,RN
292,793306,Philippe,Pradal,Provence-Alpes-Côte d'Azur,Alpes-Maritimes,3,Expert comptable,Horizons et apparentés,HOR
293,736201,Sophie,Taillé-Polian,Ile-de-France,Val-de-Marne,11,Cadre de la fonction publique,Écologiste - NUPES,Ecolo - NUPES
294,1630,Michel,Herbillon,Ile-de-France,Val-de-Marne,8,Cadre supérieur,Les Républicains,LR
295,794178,Jean-Pierre,Taite,Auvergne-Rhône-Alpes,Loire,6,"Ancien artisan, commerçant, chef d'entreprise",Les Républicains,LR
296,793110,Léo,Walter,Provence-Alpes-Côte d'Azur,Alpes-de-Haute-Provence,2,Directeur d'école,La France insoumise - Nouvelle Union Populaire écologique et sociale,LFI - NUPES
297,795762,Elie,Califer,Guadeloupe,Guadeloupe,4,Ancien cadre,Socialistes et apparentés (membre de lintergroupe NUPES),SOC
298,795310,Clémence,Guetté,Ile-de-France,Val-de-Marne,2,Responsable du programme LFI,La France insoumise - Nouvelle Union Populaire écologique et sociale,LFI - NUPES
299,794686,Marianne,Maximi,Auvergne-Rhône-Alpes,Puy-de-Dôme,1,Profession intermédiaire de la santé et du travail social,La France insoumise - Nouvelle Union Populaire écologique et sociale,LFI - NUPES
300,795244,Stéphane,Lenormand,Saint-Pierre-et-Miquelon,Saint-Pierre-et-Miquelon,1,Ancien cadre,"Libertés, Indépendants, Outre-mer et Territoires",LIOT
301,719822,Sabine,Thillaye,Centre-Val de Loire,Indre-et-Loire,5,Ancien Chef d'entreprise,Démocrate (MoDem et Indépendants),Dem
302,793382,Emmanuel,Taché de la Pagerie,Provence-Alpes-Côte d'Azur,Bouches-du-Rhône,16,Cadre de la fonction publique,Rassemblement National,RN
303,721844,Béatrice,Piron,Ile-de-France,Yvelines,3,Chef d'entreprise,Renaissance,RE
304,720222,Éric,Girardin,Grand Est,Marne,3,Industriel-Chef d'entreprise,Renaissance,RE
305,267318,Jean-Carles,Grelier,Pays de la Loire,Sarthe,5,Avocat,Renaissance,RE
306,793230,Angélique,Ranc,Grand Est,Aube,3,Sans activité professionnelle,Rassemblement National,RN
307,643175,Stella,Dupont,Pays de la Loire,Maine-et-Loire,2,Comptable,Renaissance,RE
308,719404,Didier,Le Gac,Bretagne,Finistère,3,Profession rattachée à l'enseignement,Renaissance,RE
309,793166,Jocelyn,Dessigny,Hauts-de-France,Aisne,5,Cadre administratif et commercial d'entreprise,Rassemblement National,RN
310,791824,Sarah,Legrain,Ile-de-France,Paris,16,Professeure de français,La France insoumise - Nouvelle Union Populaire écologique et sociale,LFI - NUPES
311,795386,Mathieu,Lefèvre,Ile-de-France,Val-de-Marne,5,Cadre de la fonction publique,Renaissance,RE
312,267429,Dino,Cinieri,Auvergne-Rhône-Alpes,Loire,4,Consultant sécurité,Les Républicains,LR
313,794058,Justine,Gruet,Bourgogne-Franche-Comté,Jura,3,Masseur Kinésithérapeute,Les Républicains,LR
314,795184,Tematai,Le Gayic,Polynésie française,Polynésie Française,1,étudiant,Gauche démocrate et républicaine - NUPES,GDR - NUPES
315,793940,Thomas,Cazenave,Nouvelle-Aquitaine,Gironde,1,Cadre de la fonction publique,Renaissance,RE
316,793322,Christelle,D'Intorni,Provence-Alpes-Côte d'Azur,Alpes-Maritimes,5,Avocate,Les Républicains,LR
317,722038,Damien,Adam,Normandie,Seine-Maritime,1,Cadre supérieur (secteur privé),Renaissance,RE
318,795454,Karim,Ben Cheikh,Français établis hors de France,Français établis hors de France,9,Cadre de la fonction publique,Écologiste - NUPES,Ecolo - NUPES
319,607090,Jean-Pierre,Vigier,Auvergne-Rhône-Alpes,Haute-Loire,2,Fonctionnaire de catégorie A,Les Républicains,LR
320,722284,Bruno,Fuchs,Grand Est,Haut-Rhin,6,Chef d'entreprise,Démocrate (MoDem et Indépendants),Dem
321,793744,Anne,Stambach-Terrenoir,Occitanie,Haute-Garonne,2,Sans profession déclarée,La France insoumise - Nouvelle Union Populaire écologique et sociale,LFI - NUPES
322,267336,Joël,Giraud,Provence-Alpes-Côte d'Azur,Hautes-Alpes,2,Administrateur civil hors-classe,Renaissance,RE
323,695100,Meyer,Habib,Français établis hors de France,Français établis hors de France,8,Ingénieur,Les Républicains,LR
324,795258,Frantz,Gumbs,Saint-Barthélemy et Saint-Martin,Saint-Barthélemy et Saint-Martin,1,Personnel de direction de l'éducation nationale,Démocrate (MoDem et Indépendants),Dem
325,794008,Cyrielle,Chatelain,Auvergne-Rhône-Alpes,Isère,2,Cadre de la fonction publique,Écologiste - NUPES,Ecolo - NUPES
326,266808,Vincent,Rolland,Auvergne-Rhône-Alpes,Savoie,2,Collaborateur parlementaire,Les Républicains,LR
327,795058,Julien,Bayou,Ile-de-France,Paris,5,Avocat,Écologiste - NUPES,Ecolo - NUPES
328,719338,Graziella,Melchior,Bretagne,Finistère,5,Professeure agrégée,Renaissance,RE
329,793182,Jorys,Bovet,Auvergne-Rhône-Alpes,Allier,2,Chauffeur-livreur,Rassemblement National,RN
330,796026,Julie,Lechanteux,Provence-Alpes-Côte d'Azur,Var,5,,Rassemblement National,RN
331,721158,Pieyre-Alexandre,Anglade,Français établis hors de France,Français établis hors de France,4,Agent contractuel au Parlement européen,Renaissance,RE
332,794946,Antoine,Villedieu,Bourgogne-Franche-Comté,Haute-Saône,1,Policier,Rassemblement National,RN
333,795958,Benjamin,Haddad,Ile-de-France,Paris,14,"Professeur, profession scientifique",Renaissance,RE
334,719718,Laurence,Maillart-Méhaignerie,Bretagne,Ille-et-Vilaine,2,Chef entreprise,Renaissance,RE
335,720772,Vincent,Bru,Nouvelle-Aquitaine,Pyrénées-Atlantiques,6,Professeur de faculté,Démocrate (MoDem et Indépendants),Dem
336,793616,Kévin,Mauvieux,Normandie,Eure,3,Conseiller en assurance,Rassemblement National,RN
337,795836,Frédéric,Cabrolier,Occitanie,Tarn,1,Conseiller protection sociale (Assurances),Rassemblement National,RN
338,795200,Alma,Dufour,Normandie,Seine-Maritime,4,Responsable associative,La France insoumise - Nouvelle Union Populaire écologique et sociale,LFI - NUPES
339,719578,Loïc,Prud'homme,Nouvelle-Aquitaine,Gironde,3,Fonctionnaire de catégorie B,La France insoumise - Nouvelle Union Populaire écologique et sociale,LFI - NUPES
340,794450,Emmanuel,Lacresse,Grand Est,Meurthe-et-Moselle,2,Cadre de la fonction publique,Renaissance,RE
341,793876,Laurence,Cristol,Occitanie,Hérault,3,Médecin spécialiste en onco-gériatrie,Renaissance,RE
342,793444,Manuel,Bompard,Provence-Alpes-Côte d'Azur,Bouches-du-Rhône,4,Ingénieur,La France insoumise - Nouvelle Union Populaire écologique et sociale,LFI - NUPES
343,722110,Hubert,Wulfranc,Normandie,Seine-Maritime,3,Profession rattachée à l'enseignement,Gauche démocrate et républicaine - NUPES,GDR - NUPES
344,722344,Hubert,Julien-Laferrière,Auvergne-Rhône-Alpes,Rhône,2,Professeur certifié de SES,Écologiste - NUPES,Ecolo - NUPES
345,793756,François,Piquemal,Occitanie,Haute-Garonne,4,Enseignant,La France insoumise - Nouvelle Union Populaire écologique et sociale,LFI - NUPES
346,793680,Catherine,Couturier,Nouvelle-Aquitaine,Creuse,1,Ancienne profession intermédiaire,La France insoumise - Nouvelle Union Populaire écologique et sociale,LFI - NUPES
347,795900,Marine,Hamelet,Occitanie,Tarn-et-Garonne,2,Profession intermédiaire administrative et commerciale des entreprises ,Rassemblement National,RN
348,335612,Jean-Paul,Lecoq,Normandie,Seine-Maritime,8,Fonctionnaire de catégorie B,Gauche démocrate et républicaine - NUPES,GDR - NUPES
349,794818,Stéphanie,Kochert,Grand Est,Bas-Rhin,8,Profession intermédiaire de la santé et du travail social,Horizons et apparentés,HOR
350,793560,Anne-Laure,Babault,Nouvelle-Aquitaine,Charente-Maritime,2,Cadre administratif et commercial d'entreprise,Démocrate (MoDem et Indépendants),Dem
351,794538,Thibaut,François,Hauts-de-France,Nord,17,Cadre de la fonction publique,Rassemblement National,RN
352,719186,Fadila,Khattabi,Bourgogne-Franche-Comté,Côte-d'Or,3,Professeur d'anglais CFA,Renaissance,RE
353,1206,Nicolas,Dupont-Aignan,Ile-de-France,Essonne,8,Administrateur de l'Etat,Non inscrit,NI
354,794402,Charlotte,Leduc,Grand Est,Moselle,3,Archéozoologue,La France insoumise - Nouvelle Union Populaire écologique et sociale,LFI - NUPES
355,719550,Liliana,Tanguy,Bretagne,Finistère,7,Cadre supérieur du secteur public,Renaissance,RE
356,794626,Benjamin,Saint-Huile,Hauts-de-France,Nord,3,Chargé de mission,"Libertés, Indépendants, Outre-mer et Territoires",LIOT
357,796042,Frédéric,Boccaletti,Provence-Alpes-Côte d'Azur,Var,7,,Rassemblement National,RN
358,722382,Benjamin,Dirx,Bourgogne-Franche-Comté,Saône-et-Loire,1,Industriel-Chef d'entreprise,Renaissance,RE
359,794354,Hélène,Laporte,Nouvelle-Aquitaine,Lot-et-Garonne,2,Analyste bancaire,Rassemblement National,RN
360,795974,Philippe,Lottiaux,Provence-Alpes-Côte d'Azur,Var,4,Cadre de la fonction publique,Rassemblement National,RN
361,795516,Maxime,Laisney,Ile-de-France,Seine-et-Marne,10,"Professeur des écoles, instituteur et assimilé",La France insoumise - Nouvelle Union Populaire écologique et sociale,LFI - NUPES
362,794878,Benoit,Mournet,Occitanie,Hautes-Pyrénées,2,Cadre de la fonction publique,Renaissance,RE
363,793632,Timothée,Houssin,Normandie,Eure,5,Cadre ,Rassemblement National,RN
364,721584,Jean,Terlier,Occitanie,Tarn,3,Avocat,Renaissance,RE
365,720644,Jérôme,Nury,Normandie,Orne,3,Cadre de la fonction publique,Les Républicains,LR
366,609520,Barbara,Pompili,Hauts-de-France,Somme,2,Assistante parlementaire,Renaissance,RE
367,720480,Charlotte,Parmentier-Lecocq,Hauts-de-France,Nord,6,Industriel-Chef d'entreprise,Renaissance,RE
368,793892,Stéphanie,Galzy,Occitanie,Hérault,5,Employé administratif d'entreprise,Rassemblement National,RN
369,720704,Laurence,Vichnievsky,Auvergne-Rhône-Alpes,Puy-de-Dôme,3,Magistrat,Démocrate (MoDem et Indépendants),Dem
370,340643,Lionel,Royer-Perreaut,Provence-Alpes-Côte d'Azur,Bouches-du-Rhône,6,Cadre,Renaissance,RE
371,795644,Nathalie,Da Conceicao Carvalho,Ile-de-France,Essonne,2,Profession libérale,Rassemblement National,RN
372,721328,Anne,Brugnera,Auvergne-Rhône-Alpes,Rhône,4,Fonctionnaire de catégorie A,Renaissance,RE
373,793394,Arthur,Delaporte,Normandie,Calvados,2,"Professeur, profession scientifique",Socialistes et apparentés (membre de lintergroupe NUPES),SOC
374,721908,Yaël,Braun-Pivet,Ile-de-France,Yvelines,5,Avocate,Renaissance,RE
375,942,Charles,de Courson,Grand Est,Marne,5,Conseiller référendaire honoraire à la Cour des comptes,"Libertés, Indépendants, Outre-mer et Territoires",LIOT
376,793696,Serge,Muller,Nouvelle-Aquitaine,Dordogne,2,Profession intermédiaire de la santé et du travail social ,Rassemblement National,RN
377,793246,Frédéric,Falcon,Occitanie,Aude,2,Commerçant et assimilé ,Rassemblement National,RN
378,795912,Laure,Lavalette,Provence-Alpes-Côte d'Azur,Var,2,,Rassemblement National,RN
379,643184,Brigitte,Klinkert,Grand Est,Haut-Rhin,1,Ancien cadre,Renaissance,RE
380,719108,Raphaël,Gérard,Nouvelle-Aquitaine,Charente-Maritime,4,Cadre supérieur (secteur privé),Renaissance,RE
381,720468,Sébastien,Chenu,Hauts-de-France,Nord,19,Conseiller en communication,Rassemblement National,RN
382,719910,Mounir,Belhamiti,Pays de la Loire,Loire-Atlantique,1,Ingénieur chef de projet digital,Renaissance,RE
383,719202,Didier,Paris,Bourgogne-Franche-Comté,Côte-d'Or,5,Cadre supérieur (secteur privé) ,Renaissance,RE
384,720960,Olivier,Serva,Guadeloupe,Guadeloupe,1,Expert comptable,"Libertés, Indépendants, Outre-mer et Territoires",LIOT
385,794410,Vincent,Seitlinger,Grand Est,Moselle,5,Notaire,Les Républicains,LR
386,794638,Victor,Catteau,Hauts-de-France,Nord,5,Juriste,Rassemblement National,RN
387,793398,Jérémie,Patrier-Leitus,Normandie,Calvados,3,Cadre de la fonction publique,Horizons et apparentés,HOR
388,607553,Dominique,Potier,Grand Est,Meurthe-et-Moselle,5,Agriculteur,Socialistes et apparentés (membre de lintergroupe NUPES),SOC
389,718784,Éric,Pauget,Provence-Alpes-Côte d'Azur,Alpes-Maritimes,7,Autre cadre (secteur privé),Les Républicains,LR
390,721608,Jean-Louis,Bourlanges,Ile-de-France,Hauts-de-Seine,12,Retraité de la fonction publique,Démocrate (MoDem et Indépendants),Dem
391,795528,Charles,Rodwell,Ile-de-France,Yvelines,1,Cadre de la fonction publique,Renaissance,RE
392,720146,Denis,Masséglia,Pays de la Loire,Maine-et-Loire,5,Ingénieur Arts et métiers,Renaissance,RE
393,794894,Anaïs,Sabatini,Occitanie,Pyrénées-Orientales,2,Avocate,Rassemblement National,RN
394,795466,Ersilia,Soudais,Ile-de-France,Seine-et-Marne,7,"Professeur, profession scientifique",La France insoumise - Nouvelle Union Populaire écologique et sociale,LFI - NUPES
395,719922,Lionel,Causse,Nouvelle-Aquitaine,Landes,2,Autre cadre (secteur privé),Renaissance,RE
396,330008,Xavier,Breton,Auvergne-Rhône-Alpes,Ain,1,Cadre territorial,Les Républicains,LR
397,795778,Jean-Philippe,Tanguy,Hauts-de-France,Somme,4,Cadre administratif et commercial d'entreprise,Rassemblement National,RN
398,794478,David,Guiraud,Hauts-de-France,Nord,8,Cadre administratif d'entreprise,La France insoumise - Nouvelle Union Populaire écologique et sociale,LFI - NUPES
399,721150,Alexandre,Holroyd,Français établis hors de France,Français établis hors de France,3,Cadre,Renaissance,RE
400,267306,André,Chassaigne,Auvergne-Rhône-Alpes,Puy-de-Dôme,5,Retraité de l'éducation nationale,Gauche démocrate et républicaine - NUPES,GDR - NUPES
401,719052,Loïc,Kervran,Centre-Val de Loire,Cher,3,Autre cadre (secteur privé),Horizons et apparentés,HOR
402,795326,Christopher,Weissberg,Français établis hors de France,Français établis hors de France,1,Chef d'entreprise,Renaissance,RE
403,722252,Marie-Pierre,Rixain,Ile-de-France,Essonne,4,Consultante en communication,Renaissance,RE
404,2960,Éric,Woerth,Hauts-de-France,Oise,4,Associé dans un cabinet d'audit international,Renaissance,RE
405,342415,Marie-Noëlle,Battistel,Auvergne-Rhône-Alpes,Isère,4,Autre cadre (secteur privé),Socialistes et apparentés (membre de lintergroupe NUPES),SOC
406,795580,Florian,Chauche,Bourgogne-Franche-Comté,Territoire de Belfort,2,Fonctionnaire territorial - Agent du service courrier,La France insoumise - Nouvelle Union Populaire écologique et sociale,LFI - NUPES
407,720066,Stéphanie,Rist,Centre-Val de Loire,Loiret,1,Médecin,Renaissance,RE
408,795136,Jean-François,Coulomme,Auvergne-Rhône-Alpes,Savoie,4,Ingénieur commercial,La France insoumise - Nouvelle Union Populaire écologique et sociale,LFI - NUPES
409,677483,Stéphane,Mazars,Occitanie,Aveyron,1,Avocat,Renaissance,RE
410,721722,Hadrien,Ghomi,Ile-de-France,Seine-et-Marne,8,Cadre de la fonction publique,Renaissance,RE
411,718838,Fabrice,Brun,Auvergne-Rhône-Alpes,Ardèche,3,Industriel-Chef d'entreprise,Les Républicains,LR
412,795406,Isabelle,Périgault,Ile-de-France,Seine-et-Marne,4,Directrice administrative,Les Républicains,LR
413,794138,Ségolène,Amiot,Pays de la Loire,Loire-Atlantique,3,Employé administratif d'entreprise,La France insoumise - Nouvelle Union Populaire écologique et sociale,LFI - NUPES
414,794650,Jean-Marc,Tellier,Hauts-de-France,Pas-de-Calais,3,Ancien cadre,Gauche démocrate et républicaine - NUPES,GDR - NUPES
415,794082,Mathilde,Hignet,Bretagne,Ille-et-Vilaine,4,Ouvrière agricole,La France insoumise - Nouvelle Union Populaire écologique et sociale,LFI - NUPES
416,333421,Bertrand,Pancher,Grand Est,Meuse,1,Directeur du développement,"Libertés, Indépendants, Outre-mer et Territoires",LIOT
417,722202,Sébastien,Jumel,Normandie,Seine-Maritime,6,Cadre de la fonction publique,Gauche démocrate et républicaine - NUPES,GDR - NUPES
418,793964,Grégoire,de Fournas,Nouvelle-Aquitaine,Gironde,5,Viticulteur,Rassemblement National,RN
419,267794,Michèle,Tabarot,Provence-Alpes-Côte d'Azur,Alpes-Maritimes,9,Chef d'entreprise,Les Républicains,LR
420,795540,Daniel,Grenon,Bourgogne-Franche-Comté,Yonne,1,"Ancien artisan, commerçant, chef d'entreprise",Rassemblement National,RN
421,793194,Lionel,Vuibert,Grand Est,Ardennes,1,Cadre d'entreprise de 10 salariés ou plus,Renaissance,RE
422,796118,Bénédicte,Auzanot,Provence-Alpes-Côte d'Azur,Vaucluse,2,,Rassemblement National,RN
423,331835,Monique,Iborra,Occitanie,Haute-Garonne,6,Retraitée de la Fonction publique,Renaissance,RE
424,718674,Olga,Givernet,Auvergne-Rhône-Alpes,Ain,3,Ingénieure aéronautique,Renaissance,RE
425,721530,Aude,Luquet,Ile-de-France,Seine-et-Marne,1,Autre profession,Démocrate (MoDem et Indépendants),Dem
426,719756,Christine,Le Nabour,Bretagne,Ille-et-Vilaine,5,Employée (secteur privé),Renaissance,RE
427,795278,Béatrice,Bellamy,Pays de la Loire,Vendée,2,Cadre administratif et commercial d'entreprise,Horizons et apparentés,HOR
428,794030,Alexis,Jolly,Auvergne-Rhône-Alpes,Isère,6,Commerçant et assimilé,Rassemblement National,RN
429,795596,Paul,Vannier,Ile-de-France,Val-d'Oise,5,Professeur d'histoire-géographie,La France insoumise - Nouvelle Union Populaire écologique et sociale,LFI - NUPES
430,795144,Antoine,Armand,Auvergne-Rhône-Alpes,Haute-Savoie,2,Cadre de la fonction publique,Renaissance,RE
431,795076,Sandrine,Rousseau,Ile-de-France,Paris,9,"Professeur, profession scientifique",Écologiste - NUPES,Ecolo - NUPES
432,793832,Yoann,Gillet,Occitanie,Gard,1,Cadre de la fonction publique,Rassemblement National,RN
433,721202,Éric,Coquerel,Ile-de-France,Seine-Saint-Denis,1,Industriel-Chef d'entreprise,La France insoumise - Nouvelle Union Populaire écologique et sociale,LFI - NUPES
434,795410,Béatrice,Roullaud,Ile-de-France,Seine-et-Marne,6,Profession libérale,Rassemblement National,RN
435,722398,Rémy,Rebeyrotte,Bourgogne-Franche-Comté,Saône-et-Loire,3,Professeur d'économie,Renaissance,RE
436,722000,Stéphane,Buchou,Pays de la Loire,Vendée,3,Cadre supérieur (secteur privé),Renaissance,RE
437,606098,Olivier,Marleix,Centre-Val de Loire,Eure-et-Loir,2,Fonctionnaire de catégorie A,Les Républicains,LR
438,345722,Constance,Le Grip,Ile-de-France,Hauts-de-Seine,6,Conseillère parlementaire,Renaissance,RE
439,795216,Jean-François,Lovisolo,Provence-Alpes-Côte d'Azur,Vaucluse,5,Maire,Renaissance,RE
440,1327,Nicolas,Forissier,Centre-Val de Loire,Indre,2,Chef d'entreprise,Les Républicains,LR
441,794762,Sandrine,Dogor-Such,Occitanie,Pyrénées-Orientales,3,Préparatrice en pharmacie,Rassemblement National,RN
442,793904,Aurélien,Lopez-Liguori,Occitanie,Hérault,7,Attaché parlementaire,Rassemblement National,RN
443,720838,Soumya,Bourouaha,Ile-de-France,Seine-Saint-Denis,4,Professeure,Gauche démocrate et républicaine - NUPES,GDR - NUPES
444,608826,Virginie,Duby-Muller,Auvergne-Rhône-Alpes,Haute-Savoie,4,Cadre du secteur privé,Les Républicains,LR
445,642764,Joël,Aviragnet,Occitanie,Haute-Garonne,8,Directeur d'un établissement pour l'enfance handicapée,Socialistes et apparentés (membre de lintergroupe NUPES),SOC
446,794846,Charlotte,Goetschy-Bolognese,Grand Est,Haut-Rhin,5,Chargée de gestion administrative,Renaissance,RE
447,605036,Damien,Abad,Auvergne-Rhône-Alpes,Ain,5,Sans profession déclarée,Renaissance,RE
448,795266,Agnès,Carel,Normandie,Seine-Maritime,7,Enseignante,Horizons et apparentés,HOR
449,793708,Sébastien,Peytavie,Nouvelle-Aquitaine,Dordogne,4,Profession intermédiaire de la santé et du travail social,Écologiste - NUPES,Ecolo - NUPES
450,795926,Emmanuel,Pellerin,Ile-de-France,Hauts-de-Seine,9,Profession libérale,Renaissance,RE
451,719866,Caroline,Abadie,Auvergne-Rhône-Alpes,Isère,8,Industriel-Chef entreprise,Renaissance,RE
452,794838,Didier,Lemaire,Grand Est,Haut-Rhin,3,Employé civil et agent de service de la fonction publique,Horizons et apparentés,HOR
453,719118,François,Cormier-Bouligeon,Centre-Val de Loire,Cher,1,Conseiller ministériel,Renaissance,RE
454,721210,Alexis,Corbière,Ile-de-France,Seine-Saint-Denis,7,Professeur de lycée professionnel,La France insoumise - Nouvelle Union Populaire écologique et sociale,LFI - NUPES
455,720696,Béatrice,Descamps,Hauts-de-France,Nord,21,Enseignant 1er deg.-directeur école,"Libertés, Indépendants, Outre-mer et Territoires",LIOT
456,795722,Karl,Olive,Ile-de-France,Yvelines,12,Chef d'entreprise,Renaissance,RE
457,794426,Anne,Le Hénanff,Bretagne,Morbihan,1,Consultante indépendante,Horizons et apparentés,HOR
458,721760,Maud,Gatel,Ile-de-France,Paris,11,Directrice générale adjointe d'une agence de communication,Démocrate (MoDem et Indépendants),Dem
459,793844,Pascale,Bordes,Occitanie,Gard,3,Profession libérale ,Rassemblement National,RN
460,719032,Bertrand,Bouyx,Normandie,Calvados,5,Pharmacien,Renaissance,RE
461,796062,Thomas,Portes,Ile-de-France,Seine-Saint-Denis,3,cheminot,La France insoumise - Nouvelle Union Populaire écologique et sociale,LFI - NUPES
462,794974,Louis,Margueritte,Bourgogne-Franche-Comté,Saône-et-Loire,5,Cadre de la fonction publique,Renaissance,RE
463,795998,Emeline,K/Bidi,Réunion,Réunion,4,Avocate,Gauche démocrate et républicaine - NUPES,GDR - NUPES
464,720162,Philippe,Bolo,Pays de la Loire,Maine-et-Loire,7,Ingénieur,Démocrate (MoDem et Indépendants),Dem
465,794906,Gabriel,Amard,Auvergne-Rhône-Alpes,Rhône,6,Cadre administratif et commercial d'entreprise,La France insoumise - Nouvelle Union Populaire écologique et sociale,LFI - NUPES
466,331582,Philippe,Vigier,Centre-Val de Loire,Eure-et-Loir,4,Biologiste A.I.H.P.,Démocrate (MoDem et Indépendants),Dem
467,610654,Jean-Philippe,Nilor,Martinique,Martinique,4,Collaborateur parlementaire,La France insoumise - Nouvelle Union Populaire écologique et sociale,LFI - NUPES
468,795228,Nadège,Abomangoli,Ile-de-France,Seine-Saint-Denis,10,Contrôleure interne et risk manager,La France insoumise - Nouvelle Union Populaire écologique et sociale,LFI - NUPES
469,794778,Sandra,Regol,Grand Est,Bas-Rhin,1,,Écologiste - NUPES,Ecolo - NUPES
470,795794,Francesca,Pasquini,Ile-de-France,Hauts-de-Seine,2,"Professeur des écoles, instituteur et assimilé",Écologiste - NUPES,Ecolo - NUPES
471,794718,Christine,Engrand,Hauts-de-France,Pas-de-Calais,6,Cadre administratif et commercial d'entreprise,Rassemblement National,RN
472,719272,Frédérique,Meunier,Nouvelle-Aquitaine,Corrèze,2,Avocate,Les Républicains,LR
473,720174,Philippe,Guillemard,Grand Est,Meurthe-et-Moselle,1,Avocat,Renaissance,RE
474,795672,Arnaud,Le Gall,Ile-de-France,Val-d'Oise,9,Cadre de la fonction publique,La France insoumise - Nouvelle Union Populaire écologique et sociale,LFI - NUPES
475,721458,Xavier,Roseren,Auvergne-Rhône-Alpes,Haute-Savoie,6,Commerçant,Renaissance,RE
476,719918,Fabien,Lainé,Nouvelle-Aquitaine,Landes,1,Cadre commercial bâtiment,Démocrate (MoDem et Indépendants),Dem
477,794590,Alexandre,Loubet,Grand Est,Moselle,7,Cadre d'entreprise,Rassemblement National,RN
478,794314,Mathilde,Paris,Centre-Val de Loire,Loiret,3,Chef d'entreprise de 10 salariés ou plus ,Rassemblement National,RN
479,605963,Éric,Alauzet,Bourgogne-Franche-Comté,Doubs,2,Médecin,Renaissance,RE
480,793270,Jean-François,Rousset,Occitanie,Aveyron,3,Chirurgien,Renaissance,RE
481,643157,Philippe,Naillet,Réunion,Réunion,1,Inspecteur assurance-vie,Socialistes et apparentés (membre de lintergroupe NUPES),SOC
482,795482,Manon,Meunier,Nouvelle-Aquitaine,Haute-Vienne,3,Cadre de la fonction publique,La France insoumise - Nouvelle Union Populaire écologique et sociale,LFI - NUPES
483,793588,Nicolas,Pacquot,Bourgogne-Franche-Comté,Doubs,3,Ingénieur et cadre technique d'entreprise,Renaissance,RE
484,794562,Philippe,Ballard,Hauts-de-France,Oise,2,Ancien journaliste,Rassemblement National,RN
485,793532,Murielle,Lepvraud,Bretagne,Côtes-d'Armor,4,Employé administratif d'entreprise,La France insoumise - Nouvelle Union Populaire écologique et sociale,LFI - NUPES
486,335999,Delphine,Batho,Nouvelle-Aquitaine,Deux-Sèvres,2,Cadre territorial,Écologiste - NUPES,Ecolo - NUPES
487,794442,Laurence,Robert-Dehault,Grand Est,Haute-Marne,2,Profession libérale ,Rassemblement National,RN
488,2449,Jean-Pierre,Pont,Hauts-de-France,Pas-de-Calais,5,Médecin,Renaissance,RE
489,330909,Vincent,Descoeur,Auvergne-Rhône-Alpes,Cantal,1,Professeur agrégé de biologie,Les Républicains,LR
490,720342,Nicole,Le Peih,Bretagne,Morbihan,3,Agricultrice,Renaissance,RE
491,718962,Jean-Marc,Zulesi,Provence-Alpes-Côte d'Azur,Bouches-du-Rhône,8,Autre cadre (secteur privé),Renaissance,RE
492,795552,Julien,Odoul,Bourgogne-Franche-Comté,Yonne,3,Collaborateur parlementaire,Rassemblement National,RN
493,720190,Bertrand,Sorre,Normandie,Manche,2,Enseignant 1er degré-directeur d'école (en disponibilité),Renaissance,RE
494,722366,Jean-Luc,Fugit,Auvergne-Rhône-Alpes,Rhône,11,Professeur de faculté,Renaissance,RE
495,719396,Jean-Charles,Larsonneur,Bretagne,Finistère,2,Diplomate,Horizons et apparentés,HOR
496,2952,Jean-Luc,Warsmann,Grand Est,Ardennes,3,Directeur de mutuelle,"Libertés, Indépendants, Outre-mer et Territoires",LIOT
497,795876,Davy,Rimane,Guyane,Guyane,2,Technicien,Gauche démocrate et républicaine - NUPES,GDR - NUPES
498,720754,Bruno,Studer,Grand Est,Bas-Rhin,3,Professeur du secondaire et technique,Renaissance,RE
499,794206,Christophe,Marion,Centre-Val de Loire,Loir-et-Cher,3,Délégué général du Comité des travaux historiques et scientifiques,Renaissance,RE
500,795808,Sabrina,Sebaihi,Ile-de-France,Hauts-de-Seine,4,Profession libérale,Écologiste - NUPES,Ecolo - NUPES
501,794502,Michaël,Taverne,Hauts-de-France,Nord,12,Policier et militaire,Rassemblement National,RN
502,643089,Jean-Louis,Thiériot,Ile-de-France,Seine-et-Marne,3,Avocat,Les Républicains,LR
503,342240,Jean-Luc,Bourgeaux,Bretagne,Ille-et-Vilaine,7,Agriculteur,Les Républicains,LR
504,719286,Paul-André,Colombani,Corse,Corse-du-Sud,2,Médecin,"Libertés, Indépendants, Outre-mer et Territoires",LIOT
505,793528,Chantal,Bouloux,Bretagne,Côtes-d'Armor,2,Directrice d'Ehpad,Renaissance,RE
506,721976,Bruno,Millienne,Ile-de-France,Yvelines,9,Cadre supérieur (secteur privé),Démocrate (MoDem et Indépendants),Dem
507,720552,Isabelle,Rauch,Grand Est,Moselle,9,Consultante,Horizons et apparentés,HOR
508,720932,Dominique,Da Silva,Ile-de-France,Val-d'Oise,7,Industriel-Chef d'entreprise,Renaissance,RE
509,794330,Anthony,Brosse,Centre-Val de Loire,Loiret,5,Profession intermédiaire de la santé et du travail social,Renaissance,RE
510,718910,Claire,Pitollat,Provence-Alpes-Côte d'Azur,Bouches-du-Rhône,2,Ingénieure,Renaissance,RE
511,721482,David,Valence,Grand Est,Vosges,2,Professeur agrégé,Renaissance,RE
512,1592,David,Habib,Nouvelle-Aquitaine,Pyrénées-Atlantiques,3,Cadre,Non inscrit,NI
513,795422,Damien,Maudet,Nouvelle-Aquitaine,Haute-Vienne,1,Cadre administratif et commercial d'entreprise,La France insoumise - Nouvelle Union Populaire écologique et sociale,LFI - NUPES
514,720038,Sandrine,Josso,Pays de la Loire,Loire-Atlantique,7,Autre profession libérale,Démocrate (MoDem et Indépendants),Dem
515,795746,Antoine,Léaument,Ile-de-France,Essonne,10,Responsable de la communication numérique,La France insoumise - Nouvelle Union Populaire écologique et sociale,LFI - NUPES
516,722070,Pierre,Henriet,Pays de la Loire,Vendée,5,Professeur du secondaire et technique,Renaissance,RE
517,794678,Thierry,Frappé,Hauts-de-France,Pas-de-Calais,10,Profession libérale,Rassemblement National,RN
518,718978,Mohamed,Laqhila,Provence-Alpes-Côte d'Azur,Bouches-du-Rhône,11,Expert-Comptable-Commissaire aux Comptes,Démocrate (MoDem et Indépendants),Dem
519,794386,Lysiane,Métayer,Bretagne,Morbihan,5,Cadre de la fonction publique,Renaissance,RE
520,719798,Daniel,Labaronne,Centre-Val de Loire,Indre-et-Loire,2,Retraité de l'enseignement supérieur,Renaissance,RE
521,793362,José,Gonzalez,Provence-Alpes-Côte d'Azur,Bouches-du-Rhône,10,Ancien employé,Rassemblement National,RN
522,720900,Cécile,Rilhac,Ile-de-France,Val-d'Oise,3,Profession rattachée à l'enseignement,Renaissance,RE
523,794270,Anna,Pic,Normandie,Manche,4,"Professeur, profession scientifique",Socialistes et apparentés (membre de lintergroupe NUPES),SOC
524,793210,Laurent,Panifous,Occitanie,Ariège,2,Directeur d'établissements sanitaires et sociaux,"Libertés, Indépendants, Outre-mer et Territoires",LIOT
525,794222,Annick,Cousin,Nouvelle-Aquitaine,Lot-et-Garonne,3,Agent administratif hospitalier,Rassemblement National,RN
526,712015,Julien,Dive,Hauts-de-France,Aisne,2,Chef de projet dans l'industrie,Les Républicains,LR
527,722150,Sacha,Houlié,Nouvelle-Aquitaine,Vienne,2,Avocat,Renaissance,RE
528,719778,François,Jolivet,Centre-Val de Loire,Indre,1,Cadre supérieur (secteur privé),Horizons et apparentés,HOR
529,720006,Luc,Geismar,Pays de la Loire,Loire-Atlantique,5,Directeur régional des ventes,Démocrate (MoDem et Indépendants),Dem
530,794734,Michel,Guiniot,Hauts-de-France,Oise,6,Ancien cadre,Rassemblement National,RN
531,793860,Frédéric,Zgainski,Nouvelle-Aquitaine,Gironde,7,Chef d'entreprise,Démocrate (MoDem et Indépendants),Dem
532,719882,Marjolaine,Meynier-Millefert,Auvergne-Rhône-Alpes,Isère,10,Conseillère en stratégie des organisations,Renaissance,RE
533,721024,Anne,Genetet,Français établis hors de France,Français établis hors de France,11,Médecin,Renaissance,RE
534,720100,Aurélien,Pradié,Occitanie,Lot,1,Cadre supérieur (secteur privé),Les Républicains,LR
535,795164,Aurélie,Trouvé,Ile-de-France,Seine-Saint-Denis,9,Cadre de la fonction publique,La France insoumise - Nouvelle Union Populaire écologique et sociale,LFI - NUPES
536,606507,Florent,Boudié,Nouvelle-Aquitaine,Gironde,10,Cadre supérieur du secteur public,Renaissance,RE
537,793298,Lionel,Tivoli,Provence-Alpes-Côte d'Azur,Alpes-Maritimes,2,Chef d'entreprise de 10 salariés ou plus,Rassemblement National,RN
538,720892,Mathilde,Panot,Ile-de-France,Val-de-Marne,10,Coordinatrice de projets associatifs,La France insoumise - Nouvelle Union Populaire écologique et sociale,LFI - NUPES
539,796078,Estelle,Youssouffa,Mayotte,Mayotte,1,Consultante,"Libertés, Indépendants, Outre-mer et Territoires",LIOT
540,795438,Rachel,Keke,Ile-de-France,Val-de-Marne,7,Personnel des services directs aux particuliers,La France insoumise - Nouvelle Union Populaire écologique et sociale,LFI - NUPES
541,720054,Yannick,Haury,Pays de la Loire,Loire-Atlantique,9,Pharmacien,Renaissance,RE
542,722308,Nathalie,Serre,Auvergne-Rhône-Alpes,Rhône,8,Mère au foyer,Les Républicains,LR
543,793102,Christian,Girard,Provence-Alpes-Côte d'Azur,Alpes-de-Haute-Provence,1,Ancien cadre,Rassemblement National,RN
544,720862,Frédéric,Descrozaille,Ile-de-France,Val-de-Marne,1,Autre cadre (secteur privé),Renaissance,RE
545,721118,Moetai,Brotherson,Polynésie française,Polynésie Française,3,,Gauche démocrate et républicaine - NUPES,GDR - NUPES
546,719814,Fabienne,Colboc,Centre-Val de Loire,Indre-et-Loire,4,Industriel-Chef d'entreprise,Renaissance,RE
547,793374,Romain,Baubry,Provence-Alpes-Côte d'Azur,Bouches-du-Rhône,15,Policier et militaire,Rassemblement National,RN
548,795108,Élise,Leboucher,Pays de la Loire,Sarthe,4,Educatrice spécialisée,La France insoumise - Nouvelle Union Populaire écologique et sociale,LFI - NUPES
549,794234,François,Gernigon,Pays de la Loire,Maine-et-Loire,1,Ancien cadre,Horizons et apparentés,HOR
550,721466,Gilles,Le Gendre,Ile-de-France,Paris,2,Industriel-Chef d'entreprise,Renaissance,RE
551,793796,David,Taupiac,Occitanie,Gers,2,Consultant aéronautique,"Libertés, Indépendants, Outre-mer et Territoires",LIOT
552,719672,Philippe,Sorez,Occitanie,Hérault,1,Cadre commercial dans l'industrie et le bâtiment,Renaissance,RE
553,793158,José,Beaurain,Hauts-de-France,Aisne,4,Artisan,Rassemblement National,RN
554,796018,Danielle,Simonnet,Ile-de-France,Paris,15,"Professeur, profession scientifique",La France insoumise - Nouvelle Union Populaire écologique et sociale,LFI - NUPES
555,721234,Maud,Petit,Ile-de-France,Val-de-Marne,4,Chargée de ressources humaines,Démocrate (MoDem et Indépendants),Dem
556,793792,Laurent,Esquenet-Goxes,Occitanie,Haute-Garonne,10,Informaticien,Démocrate (MoDem et Indépendants),Dem
557,721046,Nathalie,Bassire,Réunion,Réunion,3,Retraitée de l'enseignement,"Libertés, Indépendants, Outre-mer et Territoires",LIOT
558,332523,Marie-Christine,Dalloz,Bourgogne-Franche-Comté,Jura,2,,Les Républicains,LR
559,605991,Annie,Genevard,Bourgogne-Franche-Comté,Doubs,5,Professeur du secondaire,Les Républicains,LR
560,795176,Nicolas,Metzdorf,Nouvelle-Calédonie,Nouvelle-Calédonie,2,Ingénieur et cadre technique d'entreprise,Renaissance,RE
561,719664,Pascal,Lavergne,Nouvelle-Aquitaine,Gironde,12,Ingénieur-Agriculteur,Renaissance,RE
562,720256,Géraldine,Bannier,Pays de la Loire,Mayenne,2,Professeur du secondaire et technique,Démocrate (MoDem et Indépendants),Dem
563,719640,Sophie,Mette,Nouvelle-Aquitaine,Gironde,9,Sans profession déclarée,Démocrate (MoDem et Indépendants),Dem
564,796090,Aymeric,Caron,Ile-de-France,Paris,18,"Profession de l'information, des arts et des spectacles",La France insoumise - Nouvelle Union Populaire écologique et sociale,LFI - NUPES
565,774960,Isabelle,Santiago,Ile-de-France,Val-de-Marne,9,Cadre territorial,Socialistes et apparentés (membre de lintergroupe NUPES),SOC
566,722358,Thomas,Gassilloud,Auvergne-Rhône-Alpes,Rhône,10,Industriel-Chef d'entreprise,Renaissance,RE
567,793736,Hadrien,Clouet,Occitanie,Haute-Garonne,1,"Professeur, profession scientifique",La France insoumise - Nouvelle Union Populaire écologique et sociale,LFI - NUPES
568,794930,Sarah,Tanzilli,Auvergne-Rhône-Alpes,Rhône,13,Cadre administratif,Renaissance,RE
569,793664,Marie,Pochon,Auvergne-Rhône-Alpes,Drôme,3,Responsable associative,Écologiste - NUPES,Ecolo - NUPES
570,721182,Frédéric,Petit,Français établis hors de France,Français établis hors de France,7,Ingénieur,Démocrate (MoDem et Indépendants),Dem
571,757225,Mikaele,Seo,Wallis-et-Futuna,Wallis-et-Futuna,1,Profession intermédiaire administrative de la fonction publique,Renaissance,RE
572,794802,Charles,Sitzenstuhl,Grand Est,Bas-Rhin,5,Cadre de la fonction publique,Renaissance,RE
573,795120,Marina,Ferrari,Auvergne-Rhône-Alpes,Savoie,1,Cadre administratif et commercial d'entreprise,Démocrate (MoDem et Indépendants),Dem
